SMILES,Activity
O=[N+]([O-])c1ccc(Cl)cc1,1
C=Cc1ccccc1,0
C1N2CN3CN1CN(C2)C3,0
Cl[Si](Cl)(Cl)Cl,0
O=S(=O)(O)O,1
CCCCCC(CO)CCC,0
Cl[La](Cl)Cl,1
c1ccc(OP(Oc2ccccc2)Oc2ccccc2)cc1,1
C=C(C)C(=O)OC1CCCCC1,0
Nc1ccc(Nc2ccccc2)cc1,0
C1CCC(NC2CCCCC2)CC1,0
Cl[Cd]Cl,0
O=S(O)O,0
O=[N+]([O-])O,0
O=P(O)(O)F,0
NC(=Nc1ccccc1)Nc1ccccc1,1
OCCN(CCO)CCO,1
CC(=O)OCC(COC(C)=O)OC(C)=O,0
c1ccc2sc(SN3CCOCC3)nc2c1,0
CCCCN(CCCC)CCCC,0
CCCCCCCCCCCC(=O)OC(C)C,0
O=S(O)(O)=S,0
CCCCC(CC)COC(=O)CCCCC(=O)OCC(CC)CCCC,1
CCCCC(CC)CO,0
CN(CCO)CCO,0
O=C1CCCCCN1,1
CCCCC(CC)COC(=O)CS[Sn](CCCC)(CCCC)SCC(=O)OCC(CC)CCCC,0
CC(C)=CCCC(C)CCO,1
CC(C)=CCCC(C)=CCO,1
Nc1ccc(N)cc1,0
C=CC(=O)OCC(C)C,0
ClCC1CO1,0
C=C(C)C(=O)OCC1CO1,1
CC(=O)O,1
CCCC[Sn](CCCC)(OC(C)=O)OC(C)=O,1
C=C[Si](OCCOC)(OCCOC)OCCOC,0
ClCCCl,0
CCCN,1
C=CC#N,1
NCCN,0
C=CCO,1
C#CCO,0
OCCO,1
COC=O,0
CC(O)CC(C)(C)O,0
CC(C)=CC=O,0
CC(O)CCO,0
N#CCC[Si](Cl)(Cl)Cl,0
C=COC(C)=O,0
CC(=O)OC(C)C,0
O=C1C=CC(=O)O1,0
Cc1cccc(O)c1,0
Oc1cccc(O)c1,0
Nc1nc(N)nc(N)n1,0
O=c1[nH]c(=O)[nH]c(=O)[nH]1,0
NC1CCCCC1,1
O=C1CCCCC1,0
Oc1ccccc1,1
CC(C)OCCO,0
CCCCC,0
CCCCCl,1
CCCCN,1
COCCO,1
CCNCC,0
CCCCCCCCCCCCCC(=O)OC(C)C,0
CCCCCCCCCC(=O)OC,0
CCCCCC,1
NCCCCN,1
OCCCCO,0
C1CNCCN1,0
c1ccncc1,1
C1OCOCO1,1
CC(O)CNCC(C)O,0
CC12CCCC=C1C(=O)OC2=O,0
CCCCCCCC(=O)OC,0
CCCCCCC(=O)O,0
OCCCCCO,0
O=CCCCC=O,0
NCCNCCN,1
NCCNCCO,0
OCCNCCO,0
OCCOCCO,0
OCCSCCO,1
N#CCCCCC#N,0
CCCCCCC=O,0
CCCCOCCO,0
COCCOCCO,1
C=CCCCCCCCCC(=O)OC,0
CCCCCCCCCCCC(=O)OC,0
CCCCCCCCO,0
CCOCCOCCO,1
CCCCNCCCC,0
O=[Cr](=O)(O)O,1
O=[W](=O)(O)O,1
CC(C)(CO)COC(=O)C(C)(C)CO,0
CCCC[Sn](Cl)(Cl)Cl,0
CCCCOCCOC(C)=O,1
CCCCCCCCCCO,0
CCCCOCCOCCO,0
COCCOCCOCCO,1
C=CCCCCCCCCC(=O)O,0
CCCCCCCCCCCCCCCC(=O)OC,0
CCCCCCCCCCCO,0
CCCCCCCCCCCCO,0
CCCCCCCCCCCCCCCCCC(=O)OC,0
CCCCCCCCCCCCCCO,1
CCCCCCCCCCCCCCCCCCO,0
C#CC(C)(C)O,0
CC[Si](Cl)(Cl)Cl,0
C=CC(C)(CCC=C(C)C)OC(C)=O,0
CC(O)COc1ccc(C(C)(C)c2ccc(OCC(C)O)cc2)cc1,0
Brc1c(Br)c(Br)c(Oc2c(Br)c(Br)c(Br)c(Br)c2Br)c(Br)c1Br,0
O=C1OC(=O)c2c(Cl)c(Cl)c(Cl)c(Cl)c21,0
CCCCC(CC)COC(=O)c1ccccc1C(=O)OCC(CC)CCCC,1
CO[Si](C)(OC)OC,0
COC(=O)c1ccccc1O,1
Cc1cc(Cc2cc(C)cc(C(C)(C)C)c2O)c(O)c(C(C)(C)C)c1,0
O=C(c1ccccc1)c1ccccc1,0
O=C(OCCOCCOC(=O)c1ccccc1)c1ccccc1,1
COC(=O)c1ccc(C(=O)OC)cc1,0
c1ccc2sc(SSc3nc4ccccc4s3)nc2c1,0
O=BOB1OB(OB=O)OB2OB(O)OB(O)OB(O1)O2,1
[AlH2]Cl,1
O=C(O)O,0
[C-]#[W+],1
Cc1ccc([N+](=O)[O-])cc1S(=O)(=O)O,1
CCN(CC)CC,0
CC(O)CN(CC(C)O)CC(C)O,0
OCCOc1ccccc1,0
CC1COCc2cc3c(cc21)C(C)(C)C(C)C3(C)C,0
c1ccc2c(c1)-c1nc-2nc2[nH]c(nc3nc(nc4[nH]c(n1)c1ccccc41)-c1ccccc1-3)c1ccccc21,0
Nc1ccc(O)cc1,1
Oc1ccc(O)cc1,0
C=CC(=C)CCC=C(C)C,0
O=C(O)CCCCCCCC(=O)O,0
CCCCCCCC(=O)O,0
NCCCCCCN,0
CCCCCCCCCCCCCC(=O)OC,0
CCCCCCCCCCCCN,0
CCCCCCCCCCCCCCCCCCN,0
CC(C)(N)CO,0
CCCCC(CC)COP(=O)(Oc1ccccc1)Oc1ccccc1,0
CC(C)(CO)CO,0
O=S1(=O)CCCC1,1
CCCCOP(=O)(OCCCC)OCCCC,1
CC(=O)N(C)C,1
CN(C)C(=S)S,1
Cc1cc(C(C)(C)C)c(O)c(C(C)(C)C)c1,0
O=[AlH2]=O,1
O=BOB=O,1
C=CC(=O)OCCCCCCOC(=O)C=C,0
O=[Ca],1
O=[Cr]O[Cr]=O,1
COC(=O)c1ccccc1C(=O)OC,0
C=CCOC(=O)c1ccccc1C(=O)OCC=C,0
O=[Zn],0
O=[W](=O)=O,1
O=[V](=O)O[V](=O)=O,1
S=[Zn],0
O=[Cu],0
O=[Al]O,1
OB1OB2OB(O)OB(O1)O2,1
CCC(=O)C=CC1C(C)=CCCC1(C)C,0
CCCCN(CCCC)C(=S)S,0
CC(CCl)OP(=O)(OC(C)CCl)OC(C)CCl,0
O=P(OC(CCl)CCl)(OC(CCl)CCl)OC(CCl)CCl,0
CN(C)C(=S)SSC(=S)N(C)C,1
CO[Si](CCCN)(OC)OC,0
O=P(O)(O)OP(=O)(O)OP(=O)(O)O,1
CN(CCO)c1nc(Nc2ccccc2)nc(Nc2ccc(C=Cc3ccc(Nc4nc(Nc5ccccc5)nc(N(C)CCO)n4)cc3S(=O)(=O)O)c(S(=O)(=O)O)c2)n1,0
CC(C)(C)CC(C)(C)c1ccc(O)cc1,0
C=CC(=O)OCCCC,0
NCCO,0
O=CO,1
CCOC(C)=O,0
C=C(C)C(=O)OCCCCCCCCCCCC,1
CCCCCCCCCCCCCCCC(=O)OC(C)C,0
CCCCCCCCCCCC(=O)O,0
CCCCCCCCCO,0
CCCCOCCOCCOCCO,1
CCCCCCCCC=CCCCCCCCCO,0
CCCCOCCOCCOCOCCOCCOCCCC,0
C#N,0
CCN(CC)C(=S)S,0
Cl[Zn](Cl)(Cl)Cl,0
c1ccc2c(c1)C1=NC2=NC2=NC(=NC3=NC(=NC4=NC(=N1)c1ccccc14)c1ccccc13)c1ccccc12,0
S=C(S)N(Cc1ccccc1)Cc1ccccc1,0
O=P(O)(O)O,0
S=c1[nH]c2ccccc2s1,0
CCCCC(CC)C(=O)O,1
O=C(O)CN(CCN(CC(=O)O)CC(=O)O)CC(=O)O,1
Sc1nc2ccccc2s1,0
CCCC[Sn](CCCC)(OC(=O)C=CC(=O)OC)OC(=O)C=CC(=O)OC,0
CCCCCCCC[Sn](CCCCCCCC)(SCC(=O)OCC(CC)CCCC)SCC(=O)OCC(CC)CCCC,0
O=P(O)(O)CN(CCN(CP(=O)(O)O)CP(=O)(O)O)CCN(CP(=O)(O)O)CP(=O)(O)O,1
O=S(=O)(O)c1cc(Nc2nc(Nc3ccccc3)nc(N3CCOCC3)n2)ccc1C=Cc1ccc(Nc2nc(Nc3ccccc3)nc(N3CCOCC3)n2)cc1S(=O)(=O)O,0
O=S(=O)(O)c1cccc(Nc2nc(NCCO)nc(Nc3ccc(C=Cc4ccc(Nc5nc(NCCO)nc(Nc6cccc(S(=O)(=O)O)c6)n5)cc4S(=O)(=O)O)c(S(=O)(=O)O)c3)n2)c1,0
O=S(=O)(O)c1ccc(Nc2nc(Nc3ccc(C=Cc4ccc(Nc5nc(Nc6ccc(S(=O)(=O)O)cc6)nc(N(CCO)CCO)n5)cc4S(=O)(=O)O)c(S(=O)(=O)O)c3)nc(N(CCO)CCO)n2)cc1,0
C=CC(=O)OC(C)(C)C,0
O=S(O)S(=O)(=O)O,0
Nc1c(N=Nc2ccc(S(=O)(=O)CCOS(=O)(=O)O)cc2)c(S(=O)(=O)O)cc2cc(S(=O)(=O)O)c(N=Nc3ccc(S(=O)(=O)CCOS(=O)(=O)O)cc3)c(O)c12,0
O=S(=O)(O)c1cc(Nc2nc(NCCO)nc(Nc3ccccc3)n2)ccc1C=Cc1ccc(Nc2nc(NCCO)nc(Nc3ccccc3)n2)cc1S(=O)(=O)O,0
CC(C)C[Si](Cl)(Cl)Cl,0
CCCCCCCCOc1ccc(C(=O)c2ccccc2)c(O)c1,0
O=C(O)CC(O)(CC(=O)O)C(=O)O,1
CCCCOC(=O)c1ccc(C(=O)OCCCC)cc1,0
O=P(O)(O)CN(CP(=O)(O)O)CP(=O)(O)O,0
CCCCCCCCCCCCCCCCCCOC(=O)CCc1cc(C(C)(C)C)c(O)c(C(C)(C)C)c1,0
CC(=O)C=C(C)O,0
COCCOCCOCCOCCO,1
CC1(C)CC(O)CC(C)(C)N1,1
Cc1ccc(C)c(O)c1C,0
NCCCCCCCCCCC(=O)O,0
C=CC(=O)OCCN(C)C,0
Cc1ccc(O)c(-n2nc3ccccc3n2)c1,0
CC(O)COC(C)COC(C)CO,0
CO[SiH](OC)OC,0
C=C(C)C(=O)OCCCCCCCCCCCCCCCC,1
C=CCS(=O)(=O)O,0
C=C(C)CC(C)(C)C,0
COC(C)CCO,0
CC(CO)OC(C)CO,0
CO[Si](CCCOCC1CO1)(OC)OC,0
Cc1cccc([N+](=O)[O-])c1[N+](=O)[O-],0
CCc1ccccc1CC,0
C=C(C)C(=O)OCCCCCCCCCCCCCC,1
CC(CCN)CC(C)(C)CN,0
BrC1(Br)CCCCCCCCCC(Br)(Br)C1(Br)Br,0
CCCCCCCCC=CCCCCCCCC(=O)OCC(CC)CCCC,0
CC(C)CCCCCCCCCCOC(=O)CCCCC(=O)OCCCCCCCCCCC(C)C,1
Cc1ccc(N)c(N)c1,0
CC(COCC(C)OC(=O)c1ccccc1)OC(=O)c1ccccc1,1
NC(=O)CCN(CCO)c1nc(Nc2ccccc2)nc(Nc2ccc(C=Cc3ccc(Nc4nc(Nc5ccccc5)nc(N(CCO)CCC(N)=O)n4)cc3S(=O)(=O)O)c(S(=O)(=O)O)c2)n1,0
O=S(=O)(O)c1ccccc1C=Cc1ccc(-c2ccc(C=Cc3ccccc3S(=O)(=O)O)cc2)cc1,0
CC(C)CCCCCCCCCCO,0
Cc1ccccc1Cc1ccccc1,0
CC(C)(N=C=O)c1cccc(C(C)(C)N=C=O)c1,1
C=C(C)C(=O)OCC(C)O,0
Cc1ccccc1Oc1ccccc1C,0
CC(C)CCCCCCOC(=O)c1ccccc1C(=O)OCCCCCCC(C)C,0
C=C(C)C(=O)OCCN(C)C,0
C1CCCC1,0
O=c1[nH]c(=O)n(Cl)c(=O)n1Cl,0
CNc1ccc(C=Cc2ccc(Nc3nc(Nc4ccc(S(=O)(=O)O)cc4)nc(N4CCOCC4)n3)cc2S(=O)(=O)O)c(S(=O)(=O)O)c1,0
O=CC(=O)O,0
C=C(C)C(=O)OCCCCCCCC(C)C,1
Oc1nc(O)nc(O)n1,0
CCCCCCCCCCCCCCCCCC(=O)OCC(O)CO,0
CC(C)(C)c1ccc(OP(Oc2ccc(C(C)(C)C)cc2C(C)(C)C)Oc2ccc(C(C)(C)C)cc2C(C)(C)C)c(C(C)(C)C)c1,0
CCOc1ccc(NC(=O)C(N=Nc2ccc(-c3ccc(N=NC(C(C)=O)C(=O)Nc4ccc(OCC)cc4)c(Cl)c3)cc2Cl)C(C)=O)cc1,0
C[Si](O)(O)O,0
C=C(C)C(=O)OCCCCCCCCCCCCCCCCCC,1
CN(C)C(=O)Nc1ccc(Cl)c(Cl)c1,1
CCCCO[Sn](CCCC)(CCCC)OCCCC,0
CC(C)CCCCCCOC(=O)CCCCC(=O)OCCCCCCC(C)C,1
Oc1cc(Cl)ccc1Oc1ccc(Cl)cc1Cl,0
CC1CCC2=C(C1)C(=O)OC2=O,0
CCO[Si](CC(C)CC(C)(C)C)(OCC)OCC,1
CCCCCCCCCCCCCCCCO,0
C=C(C)c1cccc(C(=C)C)c1,0
O=C(O)CCC(CC(=O)O)(C(=O)O)P(=O)(O)O,0
O=P(OCCCl)(OCCCl)OCC(CCl)(CCl)COP(=O)(OCCCl)OCCCl,0
CC(C)(c1ccc(Oc2ccc3c(c2)C(=O)OC3=O)cc1)c1ccc(Oc2ccc3c(c2)C(=O)OC3=O)cc1,0
On1ccccc1=S,0
CCN(CC)c1nc(Nc2ccc(C=Cc3ccc(Nc4nc(Nc5cc(S(=O)(=O)O)ccc5S(=O)(=O)O)nc(N(CC)CC)n4)cc3S(=O)(=O)O)c(S(=O)(=O)O)c2)nc(Nc2cc(S(=O)(=O)O)ccc2S(=O)(=O)O)n1,0
CCCSP(=O)(OCC)Oc1ccc(Br)cc1Cl,1
O=S(=O)(O)c1cc(Nc2nc(Nc3ccccc3)nc(N(CCO)CCO)n2)ccc1C=Cc1ccc(Nc2nc(Nc3ccccc3)nc(N(CCO)CCO)n2)cc1S(=O)(=O)O,0
N#CN,1
CCCCC(CC)COP(=S)(S)OCC(CC)CCCC,1
COC(C)CCOC(C)=O,0
C1=CC2C3CCC(C3)C2C1,0
COc1ccccc1NC(=O)C(N=Nc1ccc(-c2ccc(N=NC(C(C)=O)C(=O)Nc3ccccc3OC)c(Cl)c2)cc1Cl)C(C)=O,0
N#CN=C(N)N,0
O=C1C(c2[nH]c3ccccc3c2O)=Nc2ccccc21,0
c1ccc2sc(SN(C3CCCCC3)C3CCCCC3)nc2c1,0
C1=CC2CCC1C2,1
OCCCO,0
CCCCCCCCCCCCCCCCCCCCCCCCO,0
O=C(O)CCC(C(=O)O)N(CC(=O)O)CC(=O)O,0
C=C(C)C(=O)NCCCN(C)C,1
CCCCCC(CCC)COC(=O)c1ccccc1C(=O)OCC(CCC)CCCCC,0
CC1C=CCC2C(=O)OC(=O)C12,0
CCCC(O)CO,0
CC(=O)OC(C)(C)C,1
O=C(O)CS,0
CCCCCCOC1OC(CO)C(O)C(O)C1O,0
CC(=O)C(N=Nc1ccc(-c2ccc(N=NC(C(C)=O)C(=O)Nc3ccccc3C)c(Cl)c2)cc1Cl)C(=O)Nc1ccccc1C,0
CN=C=S,0
CC(C)=CCO,0
N=C(N)N[N+](=O)[O-],0
COc1cc(NC(=O)C(N=Nc2ccc(-c3ccc(N=NC(C(C)=O)C(=O)Nc4cc(OC)c(Cl)cc4OC)c(Cl)c3)cc2Cl)C(C)=O)c(OC)cc1Cl,0
ClC(Cl)(Cl)Cl,1
O=S(=O)(O)C(F)(F)C(F)(F)C(F)(F)C(F)(F)C(F)(F)C(F)(F)C(F)(F)C(F)(F)F,1
CC(O)CO,0
O=P(Oc1ccccc1)(Oc1ccccc1)Oc1cccc(OP(=O)(Oc2ccccc2)Oc2ccccc2)c1,1
Cn1c(=O)c2c(ncn2C)n(C)c1=O,0
C=C(C)C(=O)OC(C)(C)C,1
CON,0
CCN(C)C,0
O=C(O)CN(CC(=O)O)CP(=O)(O)O,1
CC(C)C(NC(N)=O)NC(N)=O,0
O=C1CCCN1,0
CC(=O)OCC(C)OC(C)=O,0
OCCCCCCO,0
CCCCCCCCCCCCCCCCCCCCO,0
CC(=O)C(N=Nc1ccc(-c2ccc(N=NC(C(C)=O)C(=O)Nc3ccc(C)cc3)c(Cl)c2)cc1Cl)C(=O)Nc1ccc(C)cc1,0
CC(=O)C(N=Nc1ccc(-c2ccc(N=NC(C(C)=O)C(=O)Nc3ccccc3)c(Cl)c2)cc1Cl)C(=O)Nc1ccccc1,0
CCOC(C)(C)C,0
CCO,1
CCCCC(CC)COC(=O)c1ccc(C(=O)OCC(CC)CCCC)cc1,0
O=C(O)C(Cl)(Cl)Cl,0
CCCCCCCCCCCCCCCCCCCCCCO,0
CCCCCCCCOC(=O)C(C)Oc1ccc(Cl)cc1C,1
CC(C)(C)c1cc(CCC(=O)OCC(COC(=O)CCc2cc(C(C)(C)C)c(O)c(C(C)(C)C)c2)(COC(=O)CCc2cc(C(C)(C)C)c(O)c(C(C)(C)C)c2)COC(=O)CCc2cc(C(C)(C)C)c(O)c(C(C)(C)C)c2)cc(C(C)(C)C)c1O,0
CC(C)O,0
CS(C)=O,0
CC(O)CN(CC(C)O)c1nc(Nc2ccc(S(=O)(=O)O)cc2)nc(Nc2ccc(C=Cc3ccc(Nc4nc(Nc5ccc(S(=O)(=O)O)cc5)nc(N(CC(C)O)CC(C)O)n4)cc3S(=O)(=O)O)c(S(=O)(=O)O)c2)n1,0
CN(C)C=O,1
CCCC[Sn](Cl)(Cl)CCCC,0
C=C(C)C(=O)OCC(CC)CCCC,1
O=S(=O)(O)c1ccc(S(=O)(=O)O)c(Nc2nc(Nc3ccc(C=Cc4ccc(Nc5nc(Nc6cc(S(=O)(=O)O)ccc6S(=O)(=O)O)nc(N(CCO)CCO)n5)cc4S(=O)(=O)O)c(S(=O)(=O)O)c3)nc(N(CCO)CCO)n2)c1,0
O=C(O)c1ccccc1O,1
O=C(O)CC(O)C(=O)O,0
O=C(O)CCCCCCCCCCC(=O)O,0
CCCCO,0
Cl[Al](Cl)Cl,0
CC#N,1
NC=O,1
S=C=S,1
C=C(Cl)Cl,1
C[SiH](Cl)Cl,0
C[Si](C)(Cl)Cl,0
C[Si](Cl)(Cl)Cl,0
CC(C)(C)OO,0
C=C(C)C(=O)OC1CC2CCC1(C)C2(C)C,1
II,1
OCC1OC2OC3C(CO)OC(OC4C(CO)OC(OC5C(CO)OC(OC6C(CO)OC(OC7C(CO)OC(OC8C(CO)OC(OC1C(O)C2O)C(O)C8O)C(O)C7O)C(O)C6O)C(O)C5O)C(O)C4O)C(O)C3O,0
O=[Si]=O,0
Cl[Zn]Cl,0
CC(=O)Oc1c(C)c(C)c2c(c1C)CCC(C)(CCCC(C)CCCC(C)CCCC(C)C)O2,0
CCCCCCCCCCCC(=O)O[Sn](CCCC)(CCCC)OC(=O)CCCCCCCCCCC,0
CC1(C)NC(=O)NC1=O,0
C1=CC2C3C=CC(C3)C2C1,0
CCC(CO)(CO)CO,0
CC(O)COc1ccccc1,0
Cl[Ni]Cl,0
O=[Mn](=O)(=O)O,1
Cl[Cu],0
Cl[Fe]Cl,1
CC(C)CCCCCCCCCCOP(OCCCCCCCCCCC(C)C)OCCCCCCCCCCC(C)C,0
O=BO,1
F[Al](F)F,0
CCCC[Sn]1(CCCC)OC(=O)C=CC(=O)O1,0
CCO[Si](OCC)(OCC)OCC,0
CCOP(=O)(OCC)OCC,0
CCC(C)(O)CCCC(C)C,0
C=CC(C)(O)CCC=C(C)C,0
CCC(C)C,0
CC(N)CN,0
CC(O)C#N,1
C=CC(N)=O,1
O=C(O)CO,1
CNC(C)=O,1
CC(=O)OO,1
C=C(C)C(N)=O,0
C=C(C)C(=O)O,0
CC(=O)C=CC1=C(C)CCCC1(C)C,0
CC(C)(c1cc(Br)c(O)c(Br)c1)c1cc(Br)c(O)c(Br)c1,0
CC(C)CC(C)Nc1ccc(Nc2ccccc2)cc1,0
CC(C)(c1ccc(O)cc1)c1ccc(O)cc1,0
O=S(=O)(c1ccc(Cl)cc1)c1ccc(Cl)cc1,1
C=C(C)C(=O)OC,0
Nc1ccc(C=Cc2ccc(N)cc2S(=O)(=O)O)c(S(=O)(=O)O)c1,0
CCCC[Sn](=O)CCCC,0
CCNc1nc(NC(C)C)nc(SC)n1,0
O=c1n(CCO)c(=O)n(CCO)c(=O)n1CCO,0
CC(C)COC(=O)c1ccccc1C(=O)OCC(C)C,1
CCCC[Sn](CCCC)(SCCC(=O)OCCCCCCCCCCC(C)C)SCCC(=O)OCCCCCCCCCCC(C)C,0
O=C1OC(=O)c2ccccc21,0
CCCCOC(=O)c1ccccc1C(=O)OCc1ccccc1,0
CCCCCCCCCCCCOC(=O)c1ccccc1C(=O)OCC(CCC)C(CC)CCC,0
CCCC(CC)CCCCCCCN,0
C=C(C)C(=O)OCCO,0
O=C(O)C(O)C(O)C(=O)O,1
CN1CCCC1=O,0
Cc1ccc(N)c(S(=O)(=O)O)c1,0
Nc1ccccc1[N+](=O)[O-],0
CCC(C)c1cc([N+](=O)[O-])cc([N+](=O)[O-])c1O,0
O=C(O)c1ccccc1C(=O)O,0
Cc1ccc(C(C)C)c(O)c1,0
Oc1c(-c2[nH]c3ccccc3c2O)[nH]c2ccccc12,0
c1ccc(Nc2cccc3ccccc23)cc1,0
Oc1ccccc1-c1ccccc1,0
CCO[Si](CCCN)(OCC)OCC,0
CCO[Si](CCC#N)(OCC)OCC,0
c1ccc(-c2ccccc2)cc1,0
C=CC(=O)NCO,1
C=COC(=O)C(CC)CCCC,1
O=C1C=CC(=O)N1c1ccccc1,1
O=C1CCCCCCCCCCCN1,0
CC(C)(C)NSc1nc2ccccc2s1,0
c1ccc2sc(SNC3CCCCC3)nc2c1,0
Cc1ccccc1O,1
CCC(N)CO,0
CCC(C)=NO,0
CNC(=O)NC,1
O=C1CCCO1,0
O=C1OCCO1,1
C=C(C)C(=O)OCC,1
CCN(CC)C(=S)SSC(=S)N(CC)CC,1
C=C(C)C(=O)OCC(C)C,1
C=C(C)C(=O)OCCCC,0
OCc1ccco1,1
Cl[Si](Cl)(Cl)c1ccccc1,1
CC(C)(C)c1ccc(O)cc1,0
O=C(O)c1ccc(O)cc1,0
Cc1ccc([N+](=O)[O-])cc1,1
C[SiH2]Cl,0
O=C(O)c1ccc(C(=O)O)cc1,0
CCc1ccccc1,0
C=CC(=O)OCC(CC)CCCC,0
CC(C)=CCCC(C)CC=O,0
CC(C)=CCCC(C)=CC=O,0
Cc1ccc(C)cc1,1
Clc1ccc(Cl)cc1,1
CCCBr,0
CCCC,0
C=CCC,0
C=CC=C,0
CC=CC,0
C=CCCl,0
C=COC,0
C[Si](C)(C)O[Si](C)(C)C,0
CCCC(=O)O,0
COCC(C)O,0
CN(C)CCO,0
CCC[N+](=O)[O-],0
CC(=O)CC(C)C,0
CC(C)CC(C)O,0
COCC(C)OC(C)=O,0
Cc1cc(C)cc(C)c1,0
CC(C)CC(=O)CC(C)C,0
CC1CCCCC1,0
Cc1ccccc1,1
Clc1ccccc1,0
OC1CCCCC1,1
C=COCC(C)C,0
CCCOC(C)=O,0
CNCCO,0
C=COCC,0
C1CCOC1,0
C1CCCCC1,0
CCCCCCO,0
CCCCCCCC,0
CCCCCCCO,0
CCCCCCCCC,0
CCCCCCOCCO,0
CCCCCCCCCCCC,0
CCCCCCCCCCC,0
C=CC,0
COC,0
C=C(C)C,0
O=C1CCCC1,0
CC(=O)CC(C)(C)O,0
CCCCOC(C)=O,0
CCCCCCCCCC,0
C=C[Si](C)(Cl)Cl,0
C=C(C)C#N,1
C=CC(=C)Cl,0
[Ga]#[As],0
C=CC(=O)OCC,0
CCCCCCC,0
CCCOCC(C)O,0
CCOCC(C)O,0
CC=C1CC2C=CC1C2,0
COC(C)(C)C,0
C=COCCCCO,0
FS(F)(F)(F)(F)F,0
C=C(C)CC,0
CCCOCCO,1
CC1OC1C,0
COCC(C)OCC(C)O,0
FC(F)C(F)(F)F,0
FC(C(F)(F)F)C(F)(F)F,0
C1=CCCC=CCCC=CCC1,0
CCO[Si](CCCCl)(OCC)OCC,0
O=C=NC1CCC(CC2CCC(N=C=O)CC2)CC1,0
CC=C(C)C,0
CC(C)CC(C)(C)C,0
C[Si]1(C)O[Si](C)(C)O[Si](C)(C)O1,0
CCOCC(C)OC(C)=O,0
OCC1CO1,0
C=C=CC,0
CSSC,0
CCCCCCCCCCCCC,0
CCCCCCCCCCCCCC,0
CC(C)=O,0
ClC(Cl)Cl,1
CCCO,0
c1ccccc1,1
CC,0
C=C,0
CCl,1
CI,0
CCC,0
CCCl,1
C=CCl,0
FCF,0
CC(C)C,0
CC(C)N,0
C=C(F)F,0
CC1CO1,0
C[Si](C)(C)C,0
C=C[Si](Cl)(Cl)Cl,0
CC1=CC(=O)CC(C)(C)C1,0
C=CC(=C)C,0
CCC(C)O,0
CCC(C)=O,0
ClC=C(Cl)Cl,0
FCC(F)(F)F,0
C=CC(=O)OCCO,0
NCCOCCO,0
Cc1ccccc1C,1
Cc1ccc(C)c(C)c1,0
CCC(=O)CC,1
C=CC(=O)OC,0
CC(C)c1ccccc1,1
CCC(C)(C)OC,0
C[Si](C)(C)N[Si](C)(C)C,0
Nc1ncn[nH]1,0
Clc1nc(Cl)nc(Nc2ccccc2Cl)n1,1
OB(O)O,1
O=C1C2CC=CCC2C(=O)N1SC(Cl)(Cl)Cl,0
CN(C)NC(=O)CCC(=O)O,0
CCOP(=S)(OCC)Oc1cc(C)nc(C(C)C)n1,0
O=S1OCC2C(CO1)C1(Cl)C(Cl)=C(Cl)C2(Cl)C1(Cl)Cl,0
CN(C)C(=O)Nc1cccc(C(F)(F)F)c1,0
CC(C)OC(=O)Nc1cccc(Cl)c1,1
S=C(S)NCCNC(=S)S,0
O=[N+]([O-])c1c(Cl)c(Cl)c(Cl)c(Cl)c1Cl,1
Oc1c(Cl)c(Cl)c(Cl)c(Cl)c1Cl,0
OC[P+](CO)(CO)CO,0
c1ccc2[nH]c(-c3cscn3)nc2c1,0
O=C1c2ccccc2C(=O)N1SC(Cl)(Cl)Cl,1
COP(=O)(OC)C(O)C(Cl)(Cl)Cl,1
CCCN(CCC)c1c([N+](=O)[O-])cc(C(F)(F)F)cc1[N+](=O)[O-],1
CNC(=O)Oc1ccccc1OC(C)C,0
CCN(CC)C(=O)c1cccc(C)c1,0
CCC(C)n1c(=O)[nH]c(C)c(Br)c1=O,1
CCC(=O)Nc1ccc(Cl)c(Cl)c1,0
NC(=O)c1c(Cl)cccc1Cl,1
CC(C)=CC1C(C(=O)OCc2coc(Cc3ccccc3)c2)C1(C)C,0
CC1(C)C(C=C(Cl)Cl)C1C(=O)OCc1cccc(Oc2ccccc2)c1,1
C=CC1(C)OC(=O)N(c2cc(Cl)cc(Cl)c2)C1=O,1
CCc1cccc(C)c1N(C(=O)CCl)C(C)COC,1
CCOCN(C(=O)CCl)c1c(C)cccc1CC,1
CCCCNC(=O)n1c(NC(=O)OC)nc2ccccc21,1
COc1nc(C)nc(NC(=O)NS(=O)(=O)c2ccccc2Cl)n1,1
COc1c(Cl)ccc(Cl)c1C(=O)O,1
O=C(O)CCCOc1ccc(Cl)cc1Cl,1
O=P(O)(O)CCCl,0
CCOP(=S)(OCC)SCSP(=S)(OCC)OCC,0
O=C(O)CNCP(=O)(O)O,0
CN(C)c1nc(=O)n(C2CCCCC2)c(=O)n1C,0
C=CCOC(Cn1ccnc1)c1ccc(Cl)cc1Cl,1
CCOC(=O)C(C)OC(=O)c1cc(Oc2ccc(C(F)(F)F)cc2Cl)ccc1[N+](=O)[O-],0
CON(C)C(=O)Nc1ccc(Cl)c(Cl)c1,1
C[N+]1(C)CCCCC1,1
Cc1cc(Cl)ccc1OCC(=O)O,0
Clc1cccc(C(Cl)(Cl)Cl)n1,0
C[Si](Cn1cncn1)(c1ccc(F)cc1)c1ccc(F)cc1,1
CCCN(CCC)c1c([N+](=O)[O-])cc(S(N)(=O)=O)cc1[N+](=O)[O-],0
CC(C)Oc1cc(-n2nc(C(C)(C)C)oc2=O)c(Cl)cc1Cl,0
CCOc1cc(Oc2ccc(C(F)(F)F)cc2Cl)ccc1[N+](=O)[O-],0
C[n+]1ccc(-c2cc[n+](C)cc2)cc1,0
CCCC1COC(Cn2cncn2)(c2ccc(Cl)cc2Cl)O1,1
CCCCC(C#N)(Cn1cncn1)c1ccc(Cl)cc1,1
CCN(CC)C(=O)SCc1ccc(Cl)cc1,0
COc1nc(C)nc(NC(=O)NS(=O)(=O)c2ccccc2OCCCl)n1,1
O=[N+]([O-])C(Br)(CO)CO,0
ClC=CC[N+]12CN3CN(CN(C3)C1)C2,0
CC1(C)C(=O)N(Cl)C(=O)N1Cl,1
CC1COC(=O)O1,0
CNC(=S)S,1
C=C(C)C1CC=C(C)CC1,0
CCCCCCCCn1sc(Cl)c(Cl)c1=O,1
CNC(=O)Oc1cccc2c1OC(C)(C)O2,1
O=S(=O)(C(Cl)(Cl)Cl)C(Cl)(Cl)Cl,1
CCC(C)Nc1c([N+](=O)[O-])cc(C(C)(C)C)cc1[N+](=O)[O-],1
CCOP(=S)(OCC)OC(Cl)C(Cl)(Cl)Cl,0
C#CCOC(=O)C(C)Oc1ccc(Oc2ncc(Cl)cc2F)cc1,1
CCNC(=O)NC(=O)C(C#N)=NOC,1
Cc1cc(C2CC2)nc(Nc2ccccc2)n1,0
CC1COC(Cn2cncn2)(c2ccc(Oc3ccc(Cl)cc3)cc2Cl)O1,0
COCC(C)N(C(=O)CCl)c1c(C)csc1C,0
CC(C)(C[Sn](CC(C)(C)c1ccccc1)(CC(C)(C)c1ccccc1)O[Sn](CC(C)(C)c1ccccc1)(CC(C)(C)c1ccccc1)CC(C)(C)c1ccccc1)c1ccccc1,1
CCOC(=O)NCCOc1ccc(Oc2ccccc2)cc1,1
CS(=O)(=O)c1ccc(C(=O)C2C(=O)CCCC2=O)c([N+](=O)[O-])c1,1
O=[N+]([O-])N=C1NCCN1Cc1ccc(Cl)nc1,1
CCOP(=S)(OCC)SCSCC,0
CCOP(=S)(Oc1cnc(C(C)(C)C)nc1)OC(C)C,0
COC(=O)c1c(C(F)F)nc(C(F)(F)F)c(C2=NCCS2)c1CC(C)C,1
CCCOCC(=Nc1ccc(Cl)cc1C(F)(F)F)n1ccnc1,0
COC(=O)c1cccc(C)c1S(=O)(=O)NC(=O)Nc1nc(OCC(F)(F)F)nc(N(C)C)n1,0
Cc1cc(C)n(CO)n1,0
O=Cc1ccccc1C=O,1
CCCCCCCCCC[N+](C)(C)CCCCCCCCCC,1
CCOc1nc(C(Cl)(Cl)Cl)ns1,0
N#CC(CCc1ccc(Cl)cc1)(Cn1cncn1)c1ccccc1,1
CC1(C(=O)Nc2ccc(O)c(Cl)c2Cl)CCCCC1,1
O=[N+]([O-])c1cc(C(F)(F)F)c(Cl)c([N+](=O)[O-])c1Nc1ncc(C(F)(F)F)cc1Cl,1
CC(C)N(C(=O)COc1nnc(C(F)(F)F)s1)c1ccc(F)cc1,0
CCN(Cc1c(F)cccc1Cl)c1c([N+](=O)[O-])cc(C(F)(F)F)cc1[N+](=O)[O-],0
C#CCN1C(=O)COc2cc(F)c(N3C(=O)C4=C(CCCC4)C3=O)cc21,1
Cc1nc(N(C)C)nc(OC(=O)N(C)C)c1C,0
Cc1c(F)c(F)c(COC(=O)C2C(C=C(Cl)C(F)(F)F)C2(C)C)c(F)c1F,1
CC(C1CC1)C(O)(Cn1cncn1)c1ccc(Cl)cc1,1
CCOc1ccc(C(C)(C)COCc2cccc(Oc3ccccc3)c2)cc1,1
COP(=S)(OC)Oc1ccc([N+](=O)[O-])c(C)c1,0
CC(C)(C)N(NC(=O)c1ccc(Cl)cc1)C(=O)c1ccccc1,0
CC(COc1ccc(Oc2ccccc2)cc1)Oc1ccccn1,0
O=C(O)c1c(Cl)ccc2cc(Cl)cnc12,1
CCS(=O)(=O)c1cccnc1S(=O)(=O)NC(=O)Nc1nc(OC)cc(OC)n1,1
Cc1nn(-c2cc(NS(C)(=O)=O)c(Cl)cc2Cl)c(=O)n1C(F)F,0
O=C(Nc1ccccc1)Nc1cnns1,0
Cc1cc(Cl)ccc1OC(C)C(=O)O,0
COc1cc(OC)nc(Sc2cccc(Cl)c2C(=O)O)n1,0
COC(=O)N(C(=O)N1COC2(C(=O)OC)Cc3cc(Cl)ccc3C2=N1)c1ccc(OC(F)(F)F)cc1,0
CC12CC1(C)C(=O)N(c1cc(Cl)cc(Cl)c1)C2=O,1
C#CCOc1cc(-n2nc3n(c2=O)CCCC3)c(Cl)cc1Cl,0
CCCN(CC)CC1COC2(CCC(C(C)(C)C)CC2)O1,0
CCCCC(CC)COC(=O)COc1ccc(Cl)cc1Cl,0
CCC(=NOCC=CCl)C1=C(O)CC(C2CCOCC2)CC1=O,1
CCCCCCCCCCCCC1=C(OC(C)=O)C(=O)c2ccccc2C1=O,1
CC(=NC#N)N(C)Cc1ccc(Cl)nc1,0
O=C(O)COc1nc(Cl)c(Cl)cc1Cl,1
O=C(CBr)OCC=CCOC(=O)CBr,1
Cc1cc(C)nc(NC(=O)NS(=O)(=O)c2ccccc2C(=O)OC2COC2)n1,0
CCSC(C)CC1CC(=O)C(C(CC)=NOCC=CCl)=C(O)C1,1
CNC(=N[N+](=O)[O-])NCc1cnc(Cl)s1,0
CCOC(=O)Nc1cccc(OC(=O)Nc2ccccc2)c1,0
CC(=NNC(=O)Nc1cc(F)cc(F)c1)c1ncccc1C(=O)O,0
CCC(C)C1OC2(C=CC1C)CC1CC(CC=C(C)C(OC3CC(OC)C(OC4CC(OC)C(NC)C(C)O4)C(C)O3)C(C)C=CC=C3COC4C(O)C(C)=CC(C(=O)O1)C34O)O2,1
CCOC1Oc2ccc(OS(C)(=O)=O)cc2C1(C)C,1
CCOc1cc(C(C)(C)C)ccc1C1COC(c2c(F)cccc2F)=N1,0
CC(Cc1ccc(C(C)(C)C)cc1)CN1CC(C)OC(C)C1,0
N#CCNC(=O)c1cnccc1C(F)(F)F,0
CCCCOC(=O)C(C)Oc1ccc(Oc2ccc(C(F)(F)F)cn2)cc1,1
COc1nn(C(=O)NS(=O)(=O)c2ccccc2OC(F)(F)F)c(=O)n1C,1
COC(=O)c1c(Cl)nn(C)c1S(=O)(=O)NC(=O)Nc1nc(OC)cc(OC)n1,0
C#CCN1CC(=O)N(COC(=O)C2C(C=C(C)C)C2(C)C)C1=O,0
CC(C)C1CCC(Cc2ccc(Cl)cc2)C1(O)Cn1cncn1,0
OCl,1
Cc1c(C(=O)c2c[nH]n(C)c2=O)ccc(S(C)(=O)=O)c1C1=NOCC1,1
CCCOC(=O)NCCCN(C)C,0
CC(Oc1ccc(Cl)cc1Cl)C(=O)O,0
COc1nc(C)nc(NC(=O)NS(=O)(=O)c2ccccc2CCC(F)(F)F)n1,0
FC(F)(F)c1ccc(OCCCOc2c(Cl)cc(OCC=C(Cl)Cl)cc2Cl)nc1,0
Cc1cc(C)nc(Nc2ccccc2)n1,0
CCC(C)(C)C(=O)OC1=C(c2ccc(Cl)cc2Cl)C(=O)OC12CCCCC2,1
FC(F)C(F)(F)OCC(Cn1cncn1)c1ccc(Cl)cc1Cl,1
N#CN=C1SCCN1Cc1ccc(Cl)nc1,0
CN1COCN(Cc2cnc(Cl)s2)C1=N[N+](=O)[O-],0
CCON=C(CC)C1=C(O)CC(c2c(C)cc(C)cc2C)CC1=O,1
CCCCCCCCCCCCCC[P+](CCCC)(CCCC)CCCC,1
CC(C)(C)C(O)C(=Cc1ccc(Cl)cc1)n1cncn1,0
CON(C)C(=O)Nc1ccc(Oc2ccc3c(c2)OC(C)(OC)CC3(C)C)cc1,0
C=CCC1=C(C)C(OC(=O)C2C(C=C(C)C)C2(C)C)CC1=O,0
CC(C)c1ccc2cc(C(C)C)ccc2c1,1
CN=C(N)NCCCCCCN=C(C)N,0
CC(C)Nc1nc(N)nc(Cl)n1,1
CCNc1nc(N)nc(Cl)n1,0
Nc1nc(N)nc(Cl)n1,1
CNC(=O)ON=CC(C)(C)SC,0
COc1cc(OC)nc(NC(=O)NS(=O)(=O)c2ncccc2OCC(F)(F)F)n1,1
CCOC(=O)C1=NOC(c2ccccc2)(c2ccccc2)C1,0
CCOC(=O)c1nc(C(Cl)(Cl)Cl)n(-c2ccc(Cl)cc2Cl)n1,0
N#Cc1c(-c2ccc(Cl)cc2)[nH]c(C(F)(F)F)c1Br,0
CCCCCC(C)OC(=O)COc1ccc(Cl)c2cccnc12,0
Cc1[nH]n(C)c(=O)c1C(=O)c1ccc(C(F)(F)F)cc1S(C)(=O)=O,1
O=S1CCON=C1c1cc2ccccc2s1,1
CC(C)(NC(=O)NCc1ccccc1Cl)c1ccccc1,1
O=P1(N(CCCl)CCCl)NCCCO1,1
O=P1(NCCCl)OCCCN1CCCl,1
CCOP(=O)(OCC)OC(=CCl)c1ccc(Cl)cc1Cl,1
COP(=S)(OC)Oc1ccc([N+](=O)[O-])cc1,1
COP(=S)(OC)SCN1C(=O)c2ccccc2C1=O,1
O=P(O)(O)C(Cl)(Cl)P(=O)(O)O,1
CC1CN1P(=O)(N1CC1C)N1CC1C,1
S=P(N1CC1)(N1CC1)N1CC1,1
CC(O)(P(=O)(O)O)P(=O)(O)O,1
Brc1cc(-c2ccc(Br)c(Br)c2Br)cc(Br)c1Br,1
Brc1cc(Br)c(-c2cc(Br)c(Br)cc2Br)cc1Br,1
Clc1cccc(-c2cc(Cl)cc(Cl)c2)c1,1
Clc1cccc(-c2ccccc2)c1,1
Clc1ccc(-c2ccc(Cl)cc2Cl)c(Cl)c1,1
Clc1cc(Cl)cc(-c2cc(Cl)cc(Cl)c2)c1,1
Clc1cc(Cl)c(Oc2c(Cl)cccc2Cl)cc1Cl,1
Clc1ccc(Oc2c(Cl)cccc2Cl)cc1Cl,1
Clc1cc(Cl)c(Oc2cc(Cl)c(Cl)cc2Cl)cc1Cl,1
O=[N+]([O-])c1ccc(Oc2ccc(Cl)cc2Cl)cc1,1
O=[N+]([O-])c1ccc(Oc2c(Cl)cc(Cl)cc2Cl)cc1,0
O=[N+]([O-])c1ccc(Oc2cc(Cl)c(Cl)cc2Cl)cc1,0
O=[N+]([O-])c1ccc(Oc2ccc(Cl)cc2)cc1,1
O=[N+]([O-])c1ccc(Oc2cccc(Cl)c2Cl)cc1,1
O=[N+]([O-])c1ccc(Oc2cc(Cl)ccc2Cl)cc1,1
O=[N+]([O-])c1ccc(Oc2c(Cl)cccc2Cl)cc1,1
O=[N+]([O-])c1ccc(Oc2ccc(Cl)c(Cl)c2)cc1,1
O=[N+]([O-])c1ccc(Oc2cc(Cl)cc(Cl)c2)cc1,1
O=[N+]([O-])c1ccc(Oc2ccc(F)cc2F)cc1,1
O=[N+]([O-])c1ccc(Oc2ccc([N+](=O)[O-])cc2-c2ccc(Cl)c(Cl)c2Cl)c(-c2ccc(Cl)c(Cl)c2Cl)c1,1
O=[N+]([O-])c1ccc(Oc2ccc([N+](=O)[O-])cc2-c2cc(Cl)cc(Cl)c2Cl)c(-c2cc(Cl)cc(Cl)c2Cl)c1,1
O=[N+]([O-])c1ccc(Oc2ccc([N+](=O)[O-])cc2-c2c(Cl)ccc(Cl)c2Cl)c(-c2c(Cl)ccc(Cl)c2Cl)c1,1
Cc1cccc(C)c1,1
CCCCc1ccccc1C,1
Cc1ccc(C(C)(C)C)cc1,1
N#Cc1c(Cl)c(Cl)c(Cl)c(C#N)c1Cl,1
Clc1c(Cl)c(Cl)c(Cl)c(Cl)c1Cl,1
Clc1ccc(Cl)c(Cl)c1,1
Cc1c(Cl)ccc(Cl)c1Cl,1
Cc1ccc([N+](=O)[O-])cc1[N+](=O)[O-],1
Cc1c([N+](=O)[O-])c(C)c([N+](=O)[O-])c(C(C)(C)C)c1[N+](=O)[O-],1
Brc1cc(Oc2cc(Br)c(Br)c(Br)c2Br)c(Br)c(Br)c1Br,1
Clc1ccc(Oc2cc(Cl)c(Cl)cc2Cl)c(Cl)c1,1
N#Cc1cc(Br)c(O)c(Br)c1,1
N#Cc1cc(I)c(O)c(I)c1,1
CCCCCCCC(=O)Oc1c(Br)cc(C#N)cc1Br,1
CCCCCCCC(=O)Oc1c(I)cc(C#N)cc1I,1
CC(C)(C)c1cc([N+](=O)[O-])cc([N+](=O)[O-])c1O,1
CC(=O)c1c(C)c([N+](=O)[O-])c(C(C)(C)C)c([N+](=O)[O-])c1C,1
CCC(C)c1cc([N+](=O)[O-])cc([N+](=O)[O-])c1OC(=O)C=C(C)C,0
CC(C=O)Cc1ccc(C(C)C)cc1,1
CC(C=O)Cc1cccc(C(C)(C)C)c1,1
O=C(O)COc1cc(Cl)c(Cl)cc1Cl,0
O=C(O)COc1ccc(Cl)cc1Cl,0
CCCCOCCOC(=O)COc1ccc(Cl)cc1Cl,0
CC(C)OC(=O)COc1ccc(Cl)cc1Cl,0
COc1cc(C)c(C=CC(C)=CC=CC(C)=CC(=O)O)c(C)c1C,1
CCOC(=O)C=C(C)C=CC=C(C)C=Cc1c(C)cc(OC)c(C)c1C,1
CC(=Cc1ccc(C(=O)O)cc1)c1ccc2c(c1)C(C)(C)CCC2(C)C,1
CC1(C)CCC(C)(C)c2cc3cc(-c4ccc(C(=O)O)cc4)ccc3cc21,0
NS(=O)(=O)c1cc(C2(O)NC(=O)c3ccccc32)ccc1Cl,1
O=C(NC1C=CCCC1)NS(=O)(=O)c1ccc(Cl)cc1,1
CC(C)NC(=O)N1CC(=O)N(c2cc(Cl)cc(Cl)c2)C1=O,1
NS(=O)(=O)c1cc(C(=O)O)c(NCc2ccco2)cc1Cl,1
CC(=O)N=c1sc(S(N)(=O)=O)nn1C,1
CC(=O)Nc1nnc(S(N)(=O)=O)s1,1
NS(=O)(=O)c1cc(Cl)c(Cl)c(S(N)(=O)=O)c1,1
CCOc1ccc2nc(S(N)(=O)=O)sc2c1,1
NS(=O)(=O)c1cc2c(cc1Cl)NC=NS2(=O)=O,1
Nc1ccc(S(N)(=O)=O)cc1,0
Cc1cc(C)nc(NS(=O)(=O)c2ccc(N)cc2)n1,1
Nc1ccc(S(=O)(=O)Nc2ncccn2)cc1,0
COc1cnc(NS(=O)(=O)c2ccc(N)cc2)nc1,1
COc1cc(NS(=O)(=O)c2ccc(N)cc2)ncn1,1
COc1cc(NS(=O)(=O)c2ccc(N)cc2)nc(C)n1,1
COc1ccc(NS(=O)(=O)c2ccc(N)cc2)nn1,1
Cc1noc(NS(=O)(=O)c2ccc(N)cc2)c1C,1
CCCCNC(=O)NS(=O)(=O)c1ccc(N)cc1,1
CCCNC(=O)NS(=O)(=O)c1ccc(Cl)cc1,1
CCCCNC(=O)NS(=O)(=O)c1ccc(C)cc1,1
Cc1ccc(S(=O)(=O)NC(=O)NC2CCCCC2)cc1N,1
Cc1ccc(S(=O)(=O)NC(=O)NN2CCCCCC2)cc1,1
Cc1ccc(S(=O)(=O)NC(=O)NC2CCCCC2)cc1,0
Cc1ccc(NC(=O)N(C)C)cc1Cl,1
CON(C)C(=O)Nc1ccc(Cl)cc1,0
CC(C)c1ccc(NC(=O)N(C)C)cc1,0
CCCN(CCOc1c(Cl)cc(Cl)cc1Cl)C(=O)n1ccnc1,1
CC(=O)N1CCN(c2ccc(OCC3COC(Cn4ccnc4)(c4ccc(Cl)cc4Cl)O3)cc2)CC1,1
NC(=O)NN=Cc1ccc([N+](=O)[O-])o1,0
O=C1OCCN1N=Cc1ccc([N+](=O)[O-])o1,0
Cc1ncc([N+](=O)[O-])n1CCO,0
CC1CS(=O)(=O)CCN1N=Cc1ccc([N+](=O)[O-])o1,0
Cc1ccc(-c2c(Cl)nc(C#N)n2S(=O)(=O)N(C)C)cc1,1
CSC1=NC(C)(c2ccccc2)C(=O)N1Nc1ccccc1,0
CC(C)(C)C(=O)C(Oc1ccc(Cl)cc1)n1ccnc1,0
[O-][n+]1nc(-n2ccnc2)nc2ccc(Cl)cc21,1
CC(C)C(=O)Nc1ccc([N+](=O)[O-])c(C(F)(F)F)c1,1
CC(C)OC(=O)Nc1ccccc1,0
COC(=O)NC(=S)Nc1ccccc1NC(=S)NC(=O)OC,1
COC(=O)Nc1nc2ccccc2[nH]1,1
COC(=O)Nc1nc2ccc(S(=O)c3ccccc3)cc2[nH]1,1
COC(=O)Nc1nc2ccc(Sc3ccccc3)cc2[nH]1,1
COCC(=O)Nc1cc(Sc2ccccc2)ccc1N=C(NC(=O)OC)NC(=O)OC,1
COC(=O)Nc1nc2ccc(C(=O)c3ccccc3)cc2[nH]1,0
CCCSc1ccc2nc(NC(=O)OC)[nH]c2c1,0
COC(=O)Nc1nc2ccc(C(=O)c3ccc(F)cc3)cc2[nH]1,1
O=C1NC(=O)C(c2ccccc2)(c2ccccc2)N1,1
O=C1NC(=O)C(c2ccccc2)(c2ccc(O)cc2)N1,0
O=C1CNC(=O)N1,1
CCN1C(=O)NC(c2ccccc2)C1=O,1
CCC1(c2ccccc2)NC(=O)N(C)C1=O,1
NC(=O)NC(=O)Cc1ccccc1,1
CCC1(c2ccccc2)C(=O)NC(=O)NC1=O,1
CCC1(c2ccccc2)C(=O)NCNC1=O,1
NC(Cc1ccccc1)C(=O)O,1
NC(Cc1ccc(N(CCCl)CCCl)cc1)C(=O)O,1
O=C(O)CCCc1ccc(N(CCCl)CCCl)cc1,1
Nc1c(N=Nc2ccc(-c3ccc(N=Nc4cc(S(=O)(=O)O)c5ccccc5c4N)cc3)cc2)cc(S(=O)(=O)O)c2ccccc12,1
Cc1nc(N)nc(N)c1-c1ccc(Br)cc1,1
Cc1nc(N)nc(N)c1-c1ccc(Cl)c(Cl)c1,1
COc1ccc(Cc2cnc(N)nc2N)cc1OC,1
COc1cc(Cc2cnc(N)nc2N)cc(OC)c1OC,1
COc1cc(Cc2cnc(N)nc2N)cc(OC)c1Br,1
NCCc1ccccc1,1
CC(N)Cc1ccccc1,1
NCCc1ccc(O)c(O)c1,1
CNC(C)Cc1ccccc1,1
NCCc1c[nH]c2ccc(O)cc12,1
CC(N)(Cc1ccc(O)c(O)c1)C(=O)O,0
CC(C)NCC(O)c1ccc(O)c(O)c1,1
CNCC(O)c1cccc(O)c1,0
CNCC(O)c1ccc(O)c(O)c1,1
O=C(NC(CO)C(O)c1ccc([N+](=O)[O-])cc1)C(Cl)Cl,1
CS(=O)(=O)c1ccc(C(O)C(CO)NC(=O)C(Cl)Cl)cc1,1
CCC(=O)N(c1ccccc1)C1CCN(CCc2ccccc2)CC1,1
Clc1ccc(C(c2ccccc2)N2CCNCC2)cc1,1
Clc1ccc(CN2CCNCC2)cc1,1
Cc1ccccc1C(c1ccccc1)N1CCNCC1,1
CN1CCCN(C(c2ccccc2)c2ccc(Cl)cc2)CC1,1
c1ccc(C(c2ccccc2)N2CCNCC2)cc1,1
CN1CCN(C(c2ccccc2)c2ccc(Cl)cc2)CC1,1
Cc1ccccc1C(c1ccccc1)N1CCN(C)CC1,1
CC(C)(C)N1CCN(C(c2ccccc2)c2ccc(Cl)cc2)CC1,1
CN1CCN(C(c2ccccc2)c2ccccc2)CC1,1
OCCOCCN1CCN(C(c2ccccc2)c2ccc(Cl)cc2)CC1,1
Cc1cccc(CN2CCN(C(c3ccccc3)c3ccc(Cl)cc3)CC2)c1,1
CC(C)(C)c1ccc(CN2CCN(C(c3ccccc3)c3ccc(Cl)cc3)CC2)cc1,1
Nc1ccc(N=Nc2ccc(-c3ccc(N=Nc4c(S(=O)(=O)O)cc5cc(S(=O)(=O)O)c(N=Nc6ccccc6)c(O)c5c4N)cc3)cc2)c(N)c1,1
Nc1cc(S(=O)(=O)O)cc2cc(S(=O)(=O)O)c(N=Nc3ccc(-c4ccc(N=Nc5c(S(=O)(=O)O)cc6cc(S(=O)(=O)O)cc(N)c6c5O)cc4)cc3)c(O)c12,1
Cc1cc(-c2ccc(N=Nc3c(S(=O)(=O)O)cc4cc(S(=O)(=O)O)cc(N)c4c3O)c(C)c2)ccc1N=Nc1c(S(=O)(=O)O)cc2cc(S(=O)(=O)O)cc(N)c2c1O,1
Cc1cc(-c2ccc(N=Nc3ccc4c(S(=O)(=O)O)cc(S(=O)(=O)O)c(N)c4c3O)c(C)c2)ccc1N=Nc1ccc2c(S(=O)(=O)O)cc(S(=O)(=O)O)c(N)c2c1O,1
COc1cc(-c2ccc(N=Nc3c(S(=O)(=O)O)cc4cc(S(=O)(=O)O)cc(N)c4c3O)c(OC)c2)ccc1N=Nc1c(S(=O)(=O)O)cc2cc(S(=O)(=O)O)cc(N)c2c1O,1
COc1cc(-c2ccc([N+]#N)c(OC)c2)ccc1[N+]#N,0
CN(C)c1ccc(N=Nc2ccccc2F)cc1,1
CN(C)c1ccc(N=Nc2ccc(F)cc2)cc1,1
Cc1ccc(N=Nc2ccc(N(C)C)cc2)cc1,1
CN(C)c1ccc(N=Nc2cccc(F)c2)cc1,1
CCNc1ccc(N=Nc2ccccc2)cc1,1
CNc1ccc(N=Nc2ccccc2)cc1,1
CN(C)c1ccc(N=Nc2cccc(C(F)(F)F)c2)cc1,1
CCc1nc(N)nc(N)c1-c1ccc(Br)cc1,0
Cc1nc(NCc2ccccc2)c2cc[nH]c2n1,0
Cc1nc(N)nc(N)c1Cc1ccc([N+](=O)[O-])cc1,0
Nc1ncc(Oc2ccc(Cl)cc2)c(N)n1,0
Cc1nc(N)nc(N)c1Oc1ccc(Cl)cc1,0
Cc1nc(N)nc(N)c1-c1ccccc1,1
CCCc1nc(N)nc(N)c1-c1ccccc1,1
CCCCCc1nc(N)nc(N)c1-c1ccc(Cl)cc1,1
CCc1nc(N)nc(N)c1-c1ccc(Cl)cc1,1
CN(Cc1cnc2nc(N)nc(N)c2n1)c1ccc(C(=O)NC(CCC(=O)O)C(=O)O)cc1,1
COc1cc(NCc2ccc3nc(N)nc(N)c3c2C)cc(OC)c1OC,1
CCC(Cc1cnc2nc(N)nc(N)c2n1)c1ccc(C(=O)NC(CCC(=O)O)C(=O)O)cc1,0
Nc1nc(N)c2nc(CNc3ccc(C(=O)NC(CCC(=O)O)C(=O)O)cc3)cnc2n1,1
c1nc[nH]n1,1
Fc1ccc(C2(Cn3cncn3)OC2c2ccccc2Cl)cc1,1
CC(C)(C)C(=O)C(Oc1ccc(Cl)cc1)n1cncn1,0
CC(C)(C)C(O)(CCc1ccc(Cl)cc1)Cn1cncn1,0
CC(C)(C)C(O)C(Oc1ccc(Cl)cc1)n1cncn1,0
CC(C)(C)C(O)C(Oc1ccc(-c2ccccc2)cc1)n1cncn1,0
CCCC(Cn1cncn1)c1ccc(Cl)cc1Cl,1
OC(Cn1cncn1)(Cn1cncn1)c1ccc(F)cc1F,0
c1ccc2c(c1)cc1ccc3cccc4ccc2c1c34,1
O=c1ccc2ccccc2o1,1
COc1c2occc2cc2ccc(=O)oc12,1
CC(=O)CC(c1ccccc1)c1c(O)c2ccccc2oc1=O,1
O=c1oc2ccccc2c(O)c1Cc1c(O)c2ccccc2oc1=O,1
O=C1c2ccccc2C(=O)C1c1ccccc1,1
CCOC(=O)C(c1c(O)c2ccccc2oc1=O)c1c(O)c2ccccc2oc1=O,1
O=C1CCC(N2C(=O)c3ccccc3C2=O)C(=O)N1,1
COC(=O)CCC(C(N)=O)N1C(=O)c2ccccc2C1=O,1
O=C1CCC(N2Cc3ccccc3C2=O)C(=O)N1,1
O=C1CC(N2Cc3ccccc3C2=O)CC(=O)N1,0
NC(=O)C(CCC(=O)O)N1C(=O)c2ccccc2C1=O,1
O=C(O)CN1C(=O)c2ccccc2C1=O,1
O=C(O)CCCN1C(=O)c2ccccc2C1=O,1
O=C1CCC(N2C(=O)c3cccc([N+](=O)[O-])c3C2=O)C(=O)N1,1
Nc1cccc2c1C(=O)N(C1CCC(=O)NC1=O)C2=O,1
O=C1CCC(N2C(=O)C3CCCCC3C2=O)C(=O)N1,0
O=C1CCC(N2C(=O)CCC2=O)C(=O)N1,0
NC(=O)CN1C(=O)c2ccccc2C1=O,0
CCCCN1C(=O)c2ccccc2C1=O,1
NC(=O)CCC(C(=O)O)N1C(=O)c2ccccc2C1=O,0
O=C1c2ccccc2C(=O)N1c1cccnc1,0
O=C1CCC(N2C(=O)c3ccccc3C2=O)C(=O)O1,0
NC(=O)CCCN1C(=O)c2ccccc2C1=O,1
O=C1c2ccccc2C(=O)N1c1ccccc1,1
Nc1cccc2c1CN(C1CCC(=O)NC1=O)C2=O,0
O=C1NCCCC1N1C(=O)c2ccccc2S1(=O)=O,0
CN1C(=O)c2ccccc2C1=O,1
CN1C(=O)c2ccc([N+](=O)[O-])cc2C1=O,1
O=C1NC(=O)c2ccccc21,1
O=C1CCC(N2C(=O)c3ccccc3S2(=O)=O)C(=O)N1,0
O=C1NCCCC1N1Cc2ccccc2C1=O,1
O=C1c2ccccc2C(=O)N1N1C(=O)c2ccccc2C1=O,0
O=C(O)CC(C(=O)O)N1C(=O)c2ccccc2C1=O,1
O=C(O)CCC(C(=O)O)N1C(=O)c2ccccc2C1=O,1
CN1C(=O)CN=C(c2ccccc2)c2cc(Cl)ccc21,1
CN1C(=O)CN=C(c2ccccc2F)c2cc([N+](=O)[O-])ccc21,1
O=C1CN=C(c2ccccc2Cl)c2cc([N+](=O)[O-])ccc2N1,1
O=C1Nc2ccc(Cl)cc2C(c2ccccc2)=NC1O,0
O=C1Nc2ccc(Cl)cc2C(c2ccccc2Cl)=NC1O,1
CN1C(=O)C(O)N=C(c2ccccc2)c2cc(Cl)ccc21,1
Cc1nnc2n1-c1ccc(Cl)cc1C(c1ccccc1)=NC2,1
CN(C)CCCN1c2ccccc2CCc2ccc(Cl)cc21,1
CN(C)CCC=C1c2ccccc2COc2ccccc21,0
CN(C)CCC=C1c2ccccc2CSc2ccccc21,0
CN(CCCN1c2ccccc2CCc2ccccc21)CC(=O)c1ccc(Cl)cc1,0
CC(CN(C)C)CN1c2ccccc2CCc2ccccc21,1
CN1CCC(=C2c3ccccc3C=Cc3ccccc32)CC1,1
CNCCCC12CCC(c3ccccc31)c1ccccc12,0
CN1CCN2c3ncccc3Cc3ccccc3C2C1,1
CN1CCN(CCCN2c3ccccc3Sc3ccc(C(F)(F)F)cc32)CC1,1
CN(C)CCCN1c2ccccc2Sc2ccc(Cl)cc21,1
CC(CN1c2ccccc2Sc2ccccc21)N(C)C,0
OCCN1CCN(CCCN2c3ccccc3Sc3ccc(Cl)cc32)CC1,1
CSc1ccc2c(c1)N(CCC1CCCCN1C)c1ccccc1S2,1
CNCCC=C1c2ccccc2CCc2ccccc21,1
CNCCCC1c2ccccc2C=Cc2ccccc21,1
CNCCCN1c2ccccc2CCc2ccccc21,1
CN(C)CCCN1c2ccccc2CCc2ccccc21,1
CN(C)CCC=C1c2ccccc2CCc2ccccc21,1
Clc1ccc2c(c1)C(N1CCNCC1)=Nc1ccccc1O2,1
CN(C)C1C(=O)C(C(N)=O)=C(O)C2(O)C(=O)C3=C(O)c4c(O)cccc4C(C)(O)C3CC12,1
CN(C)C1C(=O)C(C(N)=O)=C(O)C2(O)C(=O)C3=C(O)c4c(O)cccc4C(C)(O)C3C(O)C12,1
CN(C)c1ccc(O)c2c1CC1CC3C(N(C)C)C(=O)C(C(N)=O)=C(O)C3(O)C(=O)C1=C2O,1
CN(C)C1C(=O)C(C(N)=O)=C(O)C2(O)C(=O)C3=C(O)c4c(O)ccc(Cl)c4C(O)C3CC12,1
COc1cccc2c1C(=O)c1c(O)c3c(c(O)c1C2=O)CC(O)(C(=O)CO)CC3OC1CC(N)C(O)C(C)O1,1
CC(=O)C1(O)Cc2c(O)c3c(c(O)c2C(OC2CC(N)C(O)C(C)O2)C1)C(=O)c1ccccc1C3=O,1
COc1cccc2c1C(=O)c1c(O)c3c(c(O)c1C2=O)CC(O)(C(C)=O)CC3OC1CC(N)C(O)C(C)O1,1
CC(=O)C1(N)Cc2c(O)c3c(c(O)c2C(OC2CC(O)C(O)CO2)C1)C(=O)c1ccccc1C3=O,1
COc1cccc2c1C(=O)c1c(O)c3c(c(O)c1C2=O)CC(O)(C(=O)COC(=O)CCN)CC3OC1OC(C)C(O)C(O)C1F,1
COc1cc(C2c3cc4c(cc3C(OC3OC5COC(C)OC5C(O)C3O)C3COC(=O)C23)OCO4)cc(OC)c1O,1
COc1ccc2c3c1OC1C(O)C=CC4C(C2)N(C)CCC341,0
CN1CCC23c4c5ccc(O)c4OC2C(O)C=CC3C1C5,1
COC1=CC=C2C3Cc4ccc(OC)c5c4C2(CCN3C)C1O5,1
CN1CCC23c4c5ccc(O)c4OC2C(=O)CCC3C1C5,1
COc1ccc2c3c1OC1C(=O)CCC4C(C2)N(C)CCC314,0
CN1CCC23c4c5ccc(O)c4OC2C(=O)CCC3(O)C1C5,0
Oc1ccc2c3c1OC1C(O)CCC4(O)C(C2)N(CC2CCC2)CCC314,0
COC12CCC3(CC1C(C)(O)C(C)(C)C)C1Cc4ccc(O)c5c4C3(CCN1CC1CC1)C2O5,0
Oc1ccc2c(c1)C13CCCCC1(O)C(C2)N(CC1CCC1)CC3,1
C=CCN1CCC23c4c5ccc(O)c4OC2C(=O)CCC3(O)C1C5,1
CC1C2Cc3ccc(O)cc3C1(C)CCN2CC1CC1,0
CC(C)=CCN1CCC2(C)c3cc(O)ccc3CC1C2C,1
O=C(O)CCc1nc(-c2ccccc2)c(-c2ccccc2)o1,1
CC1=C(CC(=O)O)c2cc(F)ccc2C1=Cc1ccc(S(C)=O)cc1,1
Cc1ccc(C(=O)c2ccc(CC(=O)O)n2C)cc1,1
CCCCCCCN(CC)CCCC(O)c1ccc(NS(C)(=O)=O)cc1,1
CS(=O)(=O)Nc1ccc2c(c1)C(=O)CC1(CCN(CCc3ccc4nonc4c3)CC1)O2,1
CN(CCOc1ccc(NS(C)(=O)=O)cc1)CCc1ccc(NS(C)(=O)=O)cc1,1
CC(C)NCC(O)c1ccc(NS(C)(=O)=O)cc1,1
CCCCc1oc2ccccc2c1C(=O)c1cc(I)c(OCCN(CC)CC)c(I)c1,1
COc1cc(N)c(Cl)cc1C(=O)NC1CCN(CCCOc2ccc(F)cc2)CC1OC,0
COc1ccc(CCN2CCC(Nc3nc4ccccc4n3Cc3ccc(F)cc3)CC2)cc1,1
CN1C2CCC1CC(OC(=O)C(CO)c1ccccc1)C2,0
C[N+]1(C)C2CC(OC(=O)C(O)(c3cccs3)c3cccs3)CC1C1OC12,1
CC(C)[N+]1(C)C2CCC1CC(OC(=O)C(CO)c1ccccc1)C2,1
CN1C2CC(OC(=O)C(CO)c3ccccc3)CC1C1OC12,0
C[N+]1(C)CCC(OC(=O)C(O)(c2ccccc2)C2CCCC2)C1,0
COc1ccc2cc(C(C)C(=O)O)ccc2c1,1
O=C(O)Cc1ccccc1Nc1c(Cl)cccc1Cl,1
CCc1cccc2c3c([nH]c12)C(CC)(CC(=O)O)OCC3,1
CC(C(=O)O)c1cccc(Oc2ccccc2)c1,1
CC(C)Cc1ccc(C(C)C(=O)O)cc1,1
COc1ccc2c(c1)c(CC(=O)O)c(C)n2C(=O)c1ccc(Cl)cc1,1
CC(C(=O)O)c1cccc(C(=O)c2ccccc2)c1,1
COc1ccc2cc(CCC(C)=O)ccc2c1,1
COc1cc2c(c(OC)c1OC)-c1ccc(OC)c(=O)cc1C(NC(C)=O)CC2,1
COc1cc(C2c3cc4c(cc3C(O)C3COC(=O)C23)OCO4)cc(OC)c1OC,1
CCC1(O)CC2CN(CCc3c([nH]c4ccccc34)C(C(=O)OC)(c3cc4c(cc3OC)N(C)C3C(O)(C(=O)OC)C(OC(C)=O)C5(CC)C=CCN6CCC43C65)C2)C1,1
CCC1(O)CC2CN(CCc3c([nH]c4ccccc34)C(C(=O)OC)(c3cc4c(cc3OC)N(C=O)C3C(O)(C(=O)OC)C(OC(C)=O)C5(CC)C=CCN6CCC43C65)C2)C1,1
CCC1=CC2CN(C1)Cc1c([nH]c3ccccc13)C(C(=O)OC)(c1cc3c(cc1OC)N(C)C1C(O)(C(=O)OC)C(OC(C)=O)C4(CC)C=CCN5CCC31C54)C2,1
NC(=O)c1ccc(N)nc1,1
CN1CCCC1c1cccnc1,1
c1ccc(C2(N3CCCCC3)CCCCC2)cc1,0
CNC1(c2ccccc2Cl)CCCCC1=O,0
CN(C)c1ccc(C(=C2C=CC(=[N+](C)C)C=C2)c2ccc(N(C)C)cc2)cc1,0
CCN(Cc1cccc(S(=O)(=O)O)c1)c1ccc(C(=C2C=CC(=[N+](CC)Cc3cccc(S(=O)(=O)O)c3)C=C2)c2ccccc2S(=O)(=O)O)cc1,0
CN(C)c1ccc(C(=C2C=CC(=[N+](C)C)C=C2)c2c(O)c(S(=O)(=O)O)cc3cc(S(=O)(=O)O)ccc23)cc1,0
CCCC1CC(C(=O)NC(C(C)O)C2OC(SC)C(O)C(O)C2O)N(C)C1,1
CCC1CCNC(C(=O)NC(C(C)Cl)C2OC(SC)C(O)C(O)C2O)C1,0
CCCC1CC(C(=O)NC(C(C)Cl)C2OC(SC)C(O)C(O)C2O)N(C)C1,0
NCCC(O)C(=O)NC1CC(N)C(OC2OC(CN)C(O)C(O)C2O)C(O)C1OC1OC(CO)C(O)C(N)C1O,1
CNC1C(O)C(OC2C(NC(=O)C(O)CN)CC(N)C(OC3OC(CN)C(O)C(O)C3O)C2O)OCC1(C)O,1
NCC1CCC(N)C(OC2C(N)CC(N)C(OC3OC(CO)C(O)C(N)C3O)C2O)O1,1
CCNC1CC(N)C(OC2OC(CN)=CCC2N)C(O)C1OC1OCC(C)(O)C(NC)C1O,1
NCC1OC(OC2C(N)CC(N)C(OC3OC(CO)C(O)C(N)C3O)C2O)C(N)CC1O,1
CNC1C(O)C(OC2C(N)CC(N)C(OC3OC(CN)=CCC3N)C2O)OCC1(C)O,0
NCC1OC(OC2C(N)CC(N)C(OC3OC(CO)C(O)C(N)C3O)C2O)C(O)C(O)C1O,1
CNC(C)C1CCC(N)C(OC2C(N)CC(N)C(OC3OCC(C)(O)C(NC)C3O)C2O)O1,1
CNC1C(OC2C(OC3C(O)C(O)C(N=C(N)N)C(O)C3N=C(N)N)OC(C)C2(O)C=O)OC(CO)C(O)C1O,1
CC1CC2C3CCC4=CC(=O)C=CC4(C)C3(F)C(O)CC2(C)C1(O)C(=O)CO,1
CC12C=CC(=O)C=C1CCC1C2C(O)CC2(C)C1CCC2(O)C(=O)CO,1
CCCC1OC2CC3C4CCC5=CC(=O)C=CC5(C)C4C(O)CC3(C)C2(C(=O)CO)O1,1
CC12C=CC(=O)C=C1CCC1C3CC(O)C(O)(C(=O)CO)C3(C)CC(O)C12F,1
CC1CC2C3CCC4=CC(=O)C=CC4(C)C3(F)C(=O)CC2(C)C1(O)C(=O)CCl,1
CC1CC2C3CC(F)C4=CC(=O)C=CC4(C)C3C(O)CC2(C)C1C(=O)CO,1
CCCC(=O)OC1(C(=O)COC(C)=O)CCC2C3CC(F)C4=CC(=O)C=CC4(C)C3(F)C(O)CC21C,1
CC1CC2C3CC(F)C4=CC(=O)C=CC4(C)C3(F)C(O)CC2(C)C1(O)C(=O)SCF,1
CC12CCC(=O)C=C1CCC1C2CCC2(C)C(C(=O)CO)CCC12,1
CC12CCC3C(CCC4CC(=O)CCC43C)C1CCC2O,1
CC#CC1(O)CCC2C3CCC4=CC(=O)CCC4=C3C(c3ccc(N(C)C)cc3)CC21C,1
CC12CCC(=O)C=C1CCC1C2C(=O)CC2(C)C1CCC2(O)C(=O)CO,1
CC12CCC(=O)C=C1CCC1C2C(O)CC2(C)C1CCC2(O)C(=O)CO,1
CC12CCC(=O)C=C1CCC1C2C(O)CC2(C)C(C(=O)CO)CCC12,1
CC(=O)SC1CC2=CC(=O)CCC2(C)C2CCC3(C)C(CCC34CCC(=O)O4)C12,1
COC(=O)C1CC2=CC(=O)CCC2(C)C23OC2CC2(C)C(CCC24CCC(=O)O4)C13,0
CC(=O)C1CCC2C3CCC4=CC(=O)CCC4(C)C3CCC12C,1
CC(=O)C1CCC2C3C=CC4=CC(=O)CCC4(C)C3CCC12C,0
CC(=O)OC1(C(C)=O)CCC2C3CC(C)C4=CC(=O)CCC4(C)C3CCC21C,1
CC(=O)OC1(C(C)=O)CCC2C3C=C(C)C4=CC(=O)CCC4(C)C3CCC21C,1
CC(=O)OC1(C(C)=O)CCC2C3C=C(Cl)C4=CC(=O)CCC4(C)C3CCC21C,1
CC(=O)OC1(C(C)=O)CCC2C3C=C(Cl)C4=CC(=O)C5CC5C4(C)C3CCC21C,1
CC(=O)C1(O)CCC2C3C=C(Cl)C4=CC(=O)C5CC5C4(C)C3CCC21C,1
CC(=O)OC1(C(C)=O)CCC2C3C=C(Cl)C4=CC(=O)C=CC4(C)C3CCC21C,1
CC12CCC(=O)C=C1CCC1C2CCC2(C)C(O)CCC12,1
CC12CCC(=O)C=C1CCC1C2CCC2(C)C1CCC2(C)O,1
C#CC1(O)CCC2C3CCC4=CC(=O)CCC4(C)C3CCC21C,1
CC12CCC3C4CCC(=O)C=C4CCC3C1CCC2O,1
C#CC1(O)CCC2C3CCC4=CC(=O)CCC4C3CCC21C,1
CC12C=CC3=C4CCC(=O)C=C4CCC3C1CCC2O,1
C=CCC1(O)CCC2C3CCC4=CC(=O)CCC4=C3C=CC21C,0
C#CC1(O)CCC2C3CCC4=Cc5oncc5CC4(C)C3CCC21C,1
ClC1=C(Cl)C(Cl)(Cl)C(Cl)=C1Cl,0
ClC1=C(Cl)C2(Cl)C3C(Cl)C=CC3C1(Cl)C2(Cl)Cl,1
ClC1=C(Cl)C2(Cl)C3C4OC4C(Cl)C3C1(Cl)C2(Cl)Cl,1
ClC1=C(Cl)C2(Cl)C3C4C=CC(C4)C3C1(Cl)C2(Cl)Cl,1
ClC1=C(Cl)C2(Cl)C3C4CC(C5OC45)C3C1(Cl)C2(Cl)Cl,1
ClC1=C(Cl)C2(Cl)C3C(Cl)C(Cl)CC3C1(Cl)C2(Cl)Cl,1
ClC1(Cl)C2(Cl)C3(Cl)C4(Cl)C(Cl)(Cl)C5(Cl)C3(Cl)C1(Cl)C5(Cl)C24Cl,1
O=C1C2(Cl)C3(Cl)C4(Cl)C(Cl)(Cl)C5(Cl)C3(Cl)C1(Cl)C5(Cl)C24Cl,1
CCC1(CCC(C)C)C(=O)NC(=O)NC1=O,1
C=CCC1(C(C)CCC)C(=O)NC(=O)NC1=O,1
C=CCC1(CC(C)C)C(=O)NC(=O)NC1=O,1
CCCC(C)C1(CC)C(=O)N=C(O)NC1=O,1
O=c1[nH]c(=O)n(C2CC(O)C(CO)O2)cc1F,1
Nc1nc(=O)n(C2CC(O)C(CO)O2)cc1F,1
O=c1[nH]c(=O)n(C2CC(O)C(CO)O2)cc1Cl,1
O=c1[nH]c(=O)n(C2CC(O)C(CO)O2)cc1Br,1
O=c1[nH]c(=O)n(C2CC(O)C(CO)O2)cc1I,1
Cc1cn(C2C=CC(CO)O2)c(=O)[nH]c1=O,1
Nc1ccn(C2OC(CO)C(O)C2O)c(=O)n1,1
Nc1ccn(C2CCC(CO)O2)c(=O)n1,1
Nc1nc(=O)n(C2CC(O)C(CO)O2)cc1Br,1
Nc1ncn(C2OC(CO)C(O)C2O)c(=O)n1,1
Nc1ncn(C2CC(O)C(CO)O2)c(=O)n1,1
N=c1ccn2c(n1)OC1C(O)C(CO)OC12,1
Nc1ncnc2nc[nH]c12,1
Nc1nc2nc[nH]c2c(=O)[nH]1,1
Nc1ncnc2c1ncn2C1CC(O)C(CO)O1,1
Nc1nc2n[nH]nc2c(=O)[nH]1,1
Cn1cnc2c1c(=O)[nH]c(=O)n2C,1
Cn1c(=O)c2[nH]cnc2n(C)c1=O,1
Nc1nc(=S)c2[nH]cnc2[nH]1,1
S=c1nc[nH]c2nc[nH]c12,1
O=c1[nH]cc(F)c(=O)[nH]1,1
CCCc1cc(=O)[nH]c(=S)[nH]1,1
S=C1NCCN1,1
CC1CNC(=S)N1,1
O=NN1CCNC1=S,1
CCOC(=O)n1ccn(C)c1=S,1
Cn1cc[nH]c1=S,1
CCCCCCCCCCCCCN1CC(C)OC(C)C1,1
CCCCCCCCCCCCN1CC(C)OC(C)C1,1
CC1(C)OC(=O)NC1=O,1
CN1C(=O)OC(C)(C)C1=O,1
CCC1(C)OC(=O)N(C)C1=O,1
NC(=O)N1c2ccccc2C=Cc2ccccc21,1
CCCCCC(O)C=CC1C(O)CC(=O)C1CCCCCCC(=O)O,1
CC1CC(C)C(=O)C(C(O)CC2CC(=O)NC(=O)C2)C1,1
O=C(O)C(Br)Br,1
O=C(O)C(Cl)Cl,1
O=C(O)CCl,1
CCCC(CCC)C(=O)O,1
O=C(O)C(Cl)(Cl)Br,1
O=C(O)C(Cl)Br,1
N#CCCl,0
N#CC(Cl)Cl,0
N#CC(Cl)(Cl)Cl,1
N#CC(Cl)Br,0
N#CC(Br)Br,0
COCC(=O)O,1
COC(C)C(=O)O,0
COC(C)CO,1
CCOCC(=O)O,1
CCCOCC(=O)O,1
CCCCOCC(=O)O,0
CCCCC(CCC)C(=O)O,1
CCCCC(CCCC)C(=O)O,1
COC(=O)CCCCC(=O)OC,1
CCOC(=O)CCCCC(=O)OCC,1
CCCOC(=O)CCCCC(=O)OCCC,1
CCCCOC(=O)CCCCC(=O)OCCCC,1
CC(C)COC(=O)CCCCC(=O)OCC(C)C,1
CNC(=S)NC,1
CN(C)C(=O)N(C)C,1
CN(C)C(=S)N(C)C,1
CCCCNC(=S)NCCCC,1
CN(N=O)C(=N)N[N+](=O)[O-],1
CN(C)C(=O)N(C)N=O,1
CN(N=O)C(N)=O,1
CCCN(N=O)C(N)=O,1
CCN(CC)C(=O)N(C)N=O,1
CNC(=O)N(C)C,0
NC(=O)NO,1
CNC(N)=S,1
CCNC(N)=S,1
NC(N)=S,1
CCOC(N)=O,1
CCCOC(N)=O,1
CCOC(=O)OCC,1
COS(C)(=O)=O,1
CCOS(C)(=O)=O,1
CC(C)OS(C)(=O)=O,1
CS(=O)(=O)OCOS(C)(=O)=O,1
CCOS(=O)(=O)CC,1
CCS(=O)(=O)OC,1
CS(=O)(=O)OCCCOS(C)(=O)=O,1
CC(=O)OCN=[N+](C)[O-],1
O=C(C(F)(F)F)C(F)(F)F,1
O=C(C(Cl)Cl)C(Cl)Cl,1
ClC(Cl)Br,1
BrCCBr,0
OCC(Br)CBr,1
FC(F)(F)C(Cl)Br,1
COC(F)(F)C(Cl)Cl,1
FC(F)OC(F)(F)C(F)Cl,1
FCOC(C(F)(F)F)C(F)(F)F,1
CN(C)CCOC(c1ccccc1)c1ccccc1,0
CCOCC,1
CCCCOCCCC,0
COCCOC(C)=O,1
CCOCCO,1
COCCOC,1
COCCOCCOC,1
COCCOCCOCCOC,1
CCOCCOCCOCC,0
CCOCCOC(C)=O,1
CN(CCCl)CCCl,1
CO,1
CCC#N,1
CCCC#N,1
C=CCC#N,1
CCC=CC#N,1
C=C(Cl)C#N,1
CC1=C2CC3C(CC=C4CC(O)CCC43C)C2CCC12OC1CC(C)CNC1C2C,1
CC1=C2C(=O)C3C(CC=C4CC(O)CCC43C)C2CCC12OC1CC(C)CNC1C2C,1
CC1=C2CC3C(CC=C4CC(OC5OC(CO)C(O)C(O)C5O)CCC43C)C2CCC12OC1CC(C)CNC1C2C,1
Clc1ccccc1CNCC1CCC(CNCc2ccccc2Cl)CC1,1
O=C(O)c1ccc(CCN2CCN(CC=Cc3ccc(Cl)cc3)CC2)cc1,1
CCN(CC)CCOc1ccc(C(O)(Cc2ccc(Cl)cc2)c2ccc(C)cc2)cc1,1
O=C(O)C(S)C(S)C(=O)O,1
CC(C)(S)C(N)C(=O)O,1
OCC(S)CS,1
CS(=O)(=O)OCCCCOS(C)(=O)=O,0
C=C1C(=CC=C2CCCC3(C)C2CCC3C(C)CCCC(C)(C)O)CC(O)CC1O,0
C=C1CCC(O)CC1=CC=C1CCCC2(C)C1CCC2C(C)CCCC(C)C,0
C=C1C(=CC=C2CCCC3(C)C2CCC3C(C)CCCC(C)C)CC(O)CC1O,0
CC(CS)C(=O)N1CCCC1C(=O)O,1
CCOC(=O)C(CCc1ccccc1)NC(C)C(=O)N1CCCC1C(=O)O,1
CCOC(=O)C(CCc1ccccc1)NC1CCc2ccccc2N(CC(=O)O)C1=O,1
CCC(=O)OC(OP(=O)(CCCCc1ccccc1)CC(=O)N1CC(C2CCCCC2)CC1C(=O)O)C(C)C,1
NCCCCC(NC(CCc1ccccc1)C(=O)O)C(=O)N1CCCC1C(=O)O,1
CCOC(=O)C(CCc1ccccc1)NC(C)C(=O)N1Cc2cc(OC)c(OC)cc2CC1C(=O)O,1
CCCC(NC(C)C(=O)N1C(C(=O)O)CC2CCCCC21)C(=O)OCC,0
CCOc1nc2cccc(C(=O)O)c2n1Cc1ccc(-c2ccccc2-c2nn[nH]n2)cc1,0
CCCCC(=O)N(Cc1ccc(-c2ccccc2-c2nn[nH]n2)cc1)C(C(=O)O)C(C)C,0
CCCCc1nc(Cl)c(CO)n1Cc1ccc(-c2ccccc2-c2nn[nH]n2)cc1,1
CCCCC1=NC2(CCCC2)C(=O)N1Cc1ccc(-c2ccccc2-c2nn[nH]n2)cc1,0
C[Si](C)(O[Si](C)(C)c1ccccc1)c1ccccc1,1
C[Si](C)(C)O[SiH](O[Si](C)(C)C)c1ccccc1,1
C[Si](C)(C)O[Si](O[Si](C)(C)C)(c1ccccc1)c1ccccc1,1
C[Si]1(C)O[Si](C)(C)O[Si](C)(c2ccccc2)O1,1
C[Si]1(C)O[Si](C)(c2ccccc2)O[Si](C)(c2ccccc2)O1,1
C[Si]1(C)O[Si](C)(C)O[Si](C)(c2ccccc2)O[Si](C)(C)O1,1
C[Si]1(C)O[Si](C)(c2ccccc2)O[Si](C)(C)O[Si](C)(c2ccccc2)O1,1
C[Si]1(C)O[SiH](c2ccccc2)O[Si](C)(C)O[Si](C)(C)O1,1
C[Si]1(c2ccccc2)CC[Si](C)(c2ccccc2)O1,1
CCCCCC(O)C=CC1C(O)CC(=O)C1CC=CCCCC(=O)O,1
CCCCCC(O)C=CC1C(O)CC(O)C1CC=CCCCC(=O)O,1
CCCCC(C)(O)CC=CC1C(O)CC(=O)C1CCCCCCC(=O)OC,1
CCCCCC(O)CCC1C(O)CC(=O)C1CC=CCCCC(=O)O,1
CCCCCC(O)C=CC1C2CC(OO2)C1CC=CCCCC(=O)O,1
CCCCCC(O)C=CC1C(=O)CC(O)C1CC=CCCCC(=O)O,1
CCCCCC(O)C=CC1OC2CC(O2)C1CC=CCCCC(=O)O,0
CCC1(O)CC2CN(CCc3c([nH]c4ccccc34)C(C(=O)OC)(c3cc4c(cc3OC)N(C)C3C(O)(C(N)=O)C(O)C5(CC)C=CCN6CCC43C65)C2)C1,1
CCC12C=CCN3CCC4(c5cc(C6(C(=O)OC)CC7CC(C(C)(F)F)CN(Cc8c6[nH]c6ccccc86)C7)c(OC)cc5N(C)C4C(O)(C(=O)OC)C1OC(C)=O)C32,1
COc1ccc(CC2NC(=O)C=CCC(C(C)C3OC3c3ccccc3)OC(=O)C(CC(C)C)OC(=O)C(C)CNC2=O)cc1Cl,1
CC12CCC3c4ccc(OC(=O)N(CCCl)CCCl)cc4CCC3C1CCC2O,1
COc1ccc(CC(O)c2cc(OC)c(OC)c(OC)c2)cc1O,1
COc1ccc2c(c1OC)C(=O)OC2C1c2c(cc3c(c2OC)OCO3)CCN1C,1
COc1cc2cc(c1Cl)N(C)C(=O)CC(OC(=O)C(C)N(C)C(C)=O)C1(C)OC1C(C)C1CC(O)(NC(=O)O1)C(OC)C=CC=C(C)C2,1
COC(C(C)=CC=CC(C)=Cc1coc(C)n1)C(C)C1CC(O)C2(C)OC2C=CC(C)C2CC(CC(=O)O2)CC2OC2C(=O)O1,1
C=C(Cl)C=CC(O)CC(=C)CC1OC2C(C)C(OC(=O)CC3CC(OC(C)=O)CC4(CC(C)(O)CC(CC(=C)C(C)C(OC(C)=O)C(C)C(=O)CC5CC(OC)CC6(CC(O)CC(C=CCCCC7OC(O)(CC(O)C7C)C2O)O6)O5)O4)O3)C1O,1
COc1cc2c(c(OC)c1OC)-c1cc3c(cc1C(OC(C)=O)C1COC(=O)C1C2)OCO3,1
COc1c(Cl)c(O)c(Cl)c(C)c1C(=O)OC(C(C)O)C(O)CC=O,1
NNC(N)=O,1
NNC(N)=S,1
CC(C=CC1=C(C)CCCC1(C)C)=CC=CC(C)=CC(=O)O,1
CC(C=CC=C(C)C=CC1=C(C)CCCC1(C)C)=CC=O,1
CC(C=CC1=C(C)CCCC1(C)C)=CC=CC(C)=CCO,1
CC(C=CC1=C(C)C(=O)CCC1(C)C)=CC=CC(C)=CC(=O)O,1
CC(=O)OCC=C(C)C=CC=C(C)C=CC1=C(C)CCCC1(C)C,1
OCc1c[nH]c2ccccc12,1
CC(C)NCC(O)COc1cccc2[nH]ccc12,1
CC(C)NCC(O)COc1cccc2ccccc12,1
CC(C)NCC(O)COc1ccc(CC(N)=O)cc1,0
CCCC(=O)Nc1ccc(OCC(O)CNC(C)C)c(C(C)=O)c1,0
COCCc1ccc(OCC(O)CNC(C)C)cc1,0
C=CCc1ccccc1OCC(O)CNC(C)C,1
CC(CCc1ccccc1)NCC(O)c1ccc(O)c(C(N)=O)c1,0
CC(C)(C)NCC(O)COc1cccc2c1CC(O)C(O)C2,1
C=CC(=O)NCNC(=O)C=C,1
C=CC=O,0
CNC(=O)ON=C(SC)C(=O)N(C)C,0
CNC(=O)ON=C(C)SC,0
CCCC1CCCCN1C,1
CCCC1=NCCCC1,1
CCCC1CCCCN1,1
CC(=O)N1C=C(C2CCCCN2)CCC1,1
c1cncc(C2CCCCN2)c1,1
CCN(C)C(=O)Oc1cccc(C(C)N(C)C)c1,0
CCOC(=O)CCN(SN(C)C(=O)Oc1cccc2c1OC(C)(C)C2)C(C)C,1
CCCCN(CCCC)SN(C)C(=O)Oc1cccc2c1OC(C)(C)C2,1
CCSCc1ccccc1OC(=O)NC,0
CNC(=O)Oc1cc(C)c(SC)c(C)c1,1
CNC(=O)Oc1ccc(N(C)C)c(C)c1,1
CNC(=O)Oc1cccc2c1OC(C)(C)C2,1
CNC(=O)Oc1cc(C)c(N(C)C)c(C)c1,1
CNC(=O)Oc1cccc2ccccc12,1
O=S(=O)(F)C(F)(F)C(F)(F)C(F)(F)C(F)(F)C(F)(F)C(F)(F)C(F)(F)C(F)(F)F,1
CCN(CCO)S(=O)(=O)C(F)(F)C(F)(F)C(F)(F)C(F)(F)C(F)(F)C(F)(F)C(F)(F)C(F)(F)F,1
C1COCCO1,0
CCCCCCCCCCOc1cc2c(=O)c(C(=O)OCC)c[nH]c2cc1OCC,1
CCn1cc(C(=O)O)c(=O)c2ccc(C)nc21,1
CN1CCN(c2cc3c(cc2F)c(=O)c(C(=O)O)cn3-c2ccc(F)cc2)CC1,1
CC1COc2c(N3CCN(C)CC3)c(F)cc3c(=O)c(C(=O)O)cn1c23,1
NC1C2CN(c3nc4c(cc3F)c(=O)c(C(=O)O)cn4-c3ccc(F)cc3F)CC12,1
CN1CC2CC1CN2c1cc2c(cc1F)c(=O)c(C(=O)O)cn2C1CC1,0
CCN1CCN(c2cc3c(cc2F)c(=O)c(C(=O)O)cn3C2CC2)CC1,1
O=C(O)c1cn(C2CC2)c2cc(N3CCNCC3)c(F)cc2c1=O,1
CN1CCN(c2c(F)cc3c(=O)c(C(=O)O)cn4c3c2OCN4C)CC1,1
CC1CCc2cc(F)cc3c(=O)c(C(=O)O)cn1c23,1